titulo,precio_texto,precio_num,ubicacion_principal,ubicaciones_detectadas,descripcion,atributos_detectados,lineas_relevantes,texto_card_origen,texto_completo,enlace,fecha_captura,fuente,tipo_operacion,tipo_propiedad,ciudad_objetivo
ENTORNO INMOBILIARIO,$0CLP,0,Region De Coquimbo,"['Region De Coquimbo', 'La Serena', 'Departamento en arriendo año corrido, en La Serena', 'Brigada de Homicidios La Serena', 'Colegio Santo Tomas La Serena']","Departamento en Condominio Las Terrazas de San Joaquin, en excelente sector y ubicacion con gran conectividad al centro de la ciudad, supermercados, colegios, centros deportivos, con vista hacia el norponiente desde la terraza.
Distribucion : Living con salida hacia la terraza, amplio comedor,...","['Hab.', 'Baños', '1estacionamiento', '1bodega', '1 Estacionamiento', '1 Bodega', 'Amoblado', '(Cuarto de lavandería)', 'Baño con extractor', 'Walk-in closet', '1 Hab.', '1 Baño', 'Baño']","['Hab.', 'Baños', '1estacionamiento', '1bodega', '1 Estacionamiento', '1 Bodega', 'Amoblado', '(Cuarto de lavandería)', 'Baño con extractor', 'Walk-in closet', 'Departamento en Condominio Las Terrazas de San Joaquin, en excelente sector y ubicacion con gran conectividad al centro de la ciudad, supermercados, colegios, centros deportivos, con vista hacia el norponiente desde la terraza.', 'Distribucion : Living con salida hacia la terraza, amplio comedor,...', '1 Hab.', '1 Baño']","$650.000CLP
Departamento en arriendo
La Serena
3 Hab.
2 Baños
76 M2","Arrienda
Compra
Aprende
Publica
Regístrate o ingresa
Region De Coquimbo
La Serena
Departamento en Arriendo
650.000CLP
3
Hab.
2
Baños
76
útiles
76
totales
1estacionamiento
1bodega
Dueño directo
Piso
: 4
Publicado el 20-10-2023
Código de propiedad:
11870212
Ver en el mapa
Galería
Mapa
inhouse
Contáctenme
Ver teléfono
Escribir mensaje
Departamento en arriendo año corrido, en La Serena
Detalles de la propiedad
Departamento
Edificio
1 Estacionamiento
1 Bodega
Orientación: Norte
Living-comedor
Conexión para lavadora
Amoblado
Loggia
(Cuarto de lavandería)
Baño con extractor
Walk-in closet
Ver todas las características del departamento
Descripción de la propiedad
Departamento en Condominio Las Terrazas de San Joaquin, en excelente sector y ubicacion con gran conectividad al centro de la ciudad, supermercados, colegios, centros deportivos, con vista hacia el norponiente desde la terraza.
Distribucion : Living con salida hacia la terraza, amplio comedor,...
Ver toda la descripción
Deja una nota
Esta nota es personal, no la podrá ver nadie más que tú.
ENTORNO INMOBILIARIO
Te entregamos información sobre el mercado inmobiliario del entorno
$0CLP
Precio por m2 de un arriendo promedio
(Precio por m2 de la propiedad: 8.598CLP)
Esta propiedad está sobre el promedio de arriendo del sector
Precio por m2 más bajo
$0CLP
Precio por m2 más alto
$0CLP
83
Días en promedio dura una publicación en arriendo
89,3
m2 de superficie promedio
5
Propiedades disponibles
¿CÓMO ES LA COMUNA DONDE ESTÁ ESTA PROPIEDAD?
Conoce aquí información relevante que te ayudará a tomar tu decisión
Visualiza lugares importantes
Colegios
Paraderos
Supermercados
Universidades
Restaurantes
Estaciones de tren
Servicios
Paradero
1557 Mts.
Buses for Pisco Elqui & Vicuña
Hospital
1634 Mts.
Integramedica
Policia
1435 Mts.
Brigada de Homicidios La Serena
Colegio
272 Mts.
Colegio Santo Tomas La Serena
Lugares de interés
Supermercado
1144 Mts.
Unimarc
Restaurant
542 Mts.
Ciudad Capital
Gran Tienda
1667 Mts.
Falabella
Farmacia
542 Mts.
Cruz Verde
Bencinera
532 Mts.
COPEC
PROPIEDADES SIMILARES QUE TE PUEDEN INTERESAR
550.000CLP
Departamento en Arriendo
La Serena
1 Hab.
1 Baño
34 M2
550.000CLP
Departamento en Arriendo
La Serena
1 Hab.
1 Baño
55 M2
550.000CLP
Departamento en Arriendo
La Serena
1 Hab.
1 Baño
60 M2
Nuestras redes
Enlaces útiles
Arrienda
Compra
Publica
Nuestra empresa
Sobre nosotros
Términos y condiciones
Politicas de privacidad
Asociados con Flatfy
Recursos
Nuestro blog
Aprende con nosotros
Dudas sobre planes
Preguntas frecuentes
Búsquedas populares
Arriendo departamento Providencia
Arriendo departamento Concepción
Arriendo departamento Nuñoa
Arriendo departamento Santiago
Arriendo casa La Florida
Arriendo casa Maipú
Arriendo casa Concepción
Arriendo departamento Antofagasta
Dudas a hello@goplaceit.com
© 2012 - 2026, goplaceit SpA. Todos los derechos reservados.",https://www.goplaceit.com/cl/propiedad/arriendo/departamento/la-serena/11870212-departamento-en-arriendo-ano-corrido?source=perfil-region,2026-04-21 15:17:39,GoPlaceIt,Arriendo,Departamento,La Serena
ENTORNO INMOBILIARIO,$0CLP,0,Region De Coquimbo,"['Region De Coquimbo', 'La Serena', 'Acogedor departamento en arriendo en La Serena', 'Departamento de Extranjería y Policía Internacional La Serena']","Acogedor y luminoso departamento full equipado, cocina amoblada y ropa de cama incluida. Cuenta con Tv cable (smart tv) e internet para hacer una estancia cómoda. Tiene dos dormitorios y un baño. 
Está habilitado para 5 personas....","['Hab.', 'Baño', '1estacionamiento', '1 Estacionamiento', 'Amoblado', 'Baño con extractor', 'Cocina equipada', '1 Hab.', '1 Baño']","['Hab.', 'Baño', '1estacionamiento', '1 Estacionamiento', 'Amoblado', 'Baño con extractor', 'Cocina equipada', 'Acogedor y luminoso departamento full equipado, cocina amoblada y ropa de cama incluida. Cuenta con Tv cable (smart tv) e internet para hacer una estancia cómoda. Tiene dos dormitorios y un baño.', 'Está habilitado para 5 personas....', 'Dólares Por Metro Cuadrado Depto Al...', '1 Hab.', '1 Baño']","$45.000CLP
Departamento en arriendo
La Serena
2 Hab.
1 Baño
48 M2","Arrienda
Compra
Aprende
Publica
Regístrate o ingresa
Region De Coquimbo
La Serena
Departamento en Arriendo
45.000CLP
2
Hab.
1
Baño
48
útiles
51
totales
1estacionamiento
Sin información
Dueño directo
Piso
: 5
Publicado el 07-01-2024
Código de propiedad:
12026621
Ver en el mapa
Galería
Mapa
Leyla Ambler
Contáctenme
Ver teléfono
Escribir mensaje
Acogedor departamento en arriendo en La Serena
Detalles de la propiedad
Departamento
Edificio
1 Estacionamiento
Orientación: Norte-Poniente
Living-comedor
Conexión para lavadora
Amoblado
Conexión a Gas natural
Despensa
Baño con extractor
Cocina equipada
Ver todas las características del departamento
Descripción de la propiedad
Acogedor y luminoso departamento full equipado, cocina amoblada y ropa de cama incluida. Cuenta con Tv cable (smart tv) e internet para hacer una estancia cómoda. Tiene dos dormitorios y un baño. 
Está habilitado para 5 personas....
Ver toda la descripción
Deja una nota
Esta nota es personal, no la podrá ver nadie más que tú.
ENTORNO INMOBILIARIO
Te entregamos información sobre el mercado inmobiliario del entorno
$0CLP
Precio por m2 de un arriendo promedio
(Precio por m2 de la propiedad: 781CLP)
Esta propiedad está sobre el promedio de arriendo del sector
Precio por m2 más bajo
$0CLP
Precio por m2 más alto
$0CLP
76
Días en promedio dura una publicación en arriendo
60,9
m2 de superficie promedio
12
Propiedades disponibles
¿CÓMO ES LA COMUNA DONDE ESTÁ ESTA PROPIEDAD?
Conoce aquí información relevante que te ayudará a tomar tu decisión
Precio Promedio De Arriendo De Depa...
Tamaño Departamentos En Arriendo
Días Disponibles De Departamentos E...
Dólares Por Metro Cuadrado Depto Al...
Visualiza lugares importantes
Colegios
Paraderos
Supermercados
Universidades
Restaurantes
Estaciones de tren
Servicios
Paradero
535 Mts.
licosur liserco
Hospital
837 Mts.
Integramedica
Policia
1134 Mts.
Departamento de Extranjería y Policía Internacional La Serena
Colegio
570 Mts.
Colegio Javiera Carrera
Lugares de interés
Supermercado
523 Mts.
Hiper Lider
Restaurant
80 Mts.
Mai Lan Fan
Gran Tienda
761 Mts.
Paris
Farmacia
1093 Mts.
Farmacias Cruz Verde
Bencinera
387 Mts.
COPEC
PROPIEDADES SIMILARES QUE TE PUEDEN INTERESAR
45.000CLP
Departamento en Arriendo
La Serena
1 Hab.
1 Baño
35.9 M2
Nuestras redes
Enlaces útiles
Arrienda
Compra
Publica
Nuestra empresa
Sobre nosotros
Términos y condiciones
Politicas de privacidad
Asociados con Flatfy
Recursos
Nuestro blog
Aprende con nosotros
Dudas sobre planes
Preguntas frecuentes
Búsquedas populares
Arriendo departamento Providencia
Arriendo departamento Concepción
Arriendo departamento Nuñoa
Arriendo departamento Santiago
Arriendo casa La Florida
Arriendo casa Maipú
Arriendo casa Concepción
Arriendo departamento Antofagasta
Dudas a hello@goplaceit.com
© 2012 - 2026, goplaceit SpA. Todos los derechos reservados.",https://www.goplaceit.com/cl/propiedad/arriendo/departamento/la-serena/12026621-acogedor-departamento-en-arriendo-en-la-serena?source=perfil-region,2026-04-21 15:17:51,GoPlaceIt,Arriendo,Departamento,La Serena
ENTORNO INMOBILIARIO,$0CLP,0,Region De Coquimbo,"['Region De Coquimbo', 'La Serena', 'Departamento amoblado marzo a dic en Condominio Aqua La Serena / Incluye gastos comunes', 'Arriendo 2 hermosos departamentos amoblados con 2 dormitorio y 2 baños en complejo Aqua La Serena. Esto es en plena Av. Del Mar altura de Mía Pizza.\nEdificio muy tranquilo y full equipado con +5 piscinas (incluyendo con olas y temperada), gimnasio, jacuzzi, quincho, lavandería, entre otros. Inc...', 'Colegio Cristiano La Serena']","Arriendo 2 hermosos departamentos amoblados con 2 dormitorio y 2 baños en complejo Aqua La Serena. Esto es en plena Av. Del Mar altura de Mía Pizza.
Edificio muy tranquilo y full equipado con +5 piscinas (incluyendo con olas y temperada), gimnasio, jacuzzi, quincho, lavandería, entre otros. Inc...","['Hab.', 'Baños', '1estacionamiento', '1 Estacionamiento', 'Amoblado', 'Cocina equipada', 'Dormitorio en suite', '(Baño integrado)', 'Balcón / Terraza', '1 Hab.', '1 Baño', 'Baño']","['Hab.', 'Baños', '1estacionamiento', 'Departamento amoblado marzo a dic en Condominio Aqua La Serena / Incluye gastos comunes', '1 Estacionamiento', 'Amoblado', 'Cocina equipada', 'Dormitorio en suite', '(Baño integrado)', 'Balcón / Terraza', 'Arriendo 2 hermosos departamentos amoblados con 2 dormitorio y 2 baños en complejo Aqua La Serena. Esto es en plena Av. Del Mar altura de Mía Pizza.', 'Edificio muy tranquilo y full equipado con +5 piscinas (incluyendo con olas y temperada), gimnasio, jacuzzi, quincho, lavandería, entre otros. Inc...', 'Dólares Por Metro Cuadrado Depto Al...', '1 Hab.', '1 Baño']","$450.000CLP
Departamento en arriendo
La Serena
2 Hab.
2 Baños
50 M2","Arrienda
Compra
Aprende
Publica
Regístrate o ingresa
Region De Coquimbo
La Serena
Departamento en Arriendo
450.000CLP
2
Hab.
2
Baños
50
útiles
60
totales
1estacionamiento
Sin información
Dueño directo
Piso
: 7
Actualizado el 11-02-2025
Publicado el 10-03-2024
Código de propiedad:
12166399
Ver en el mapa
Galería
Mapa
Matías Albónico
Contáctenme
Ver teléfono
Escribir mensaje
Departamento amoblado marzo a dic en Condominio Aqua La Serena / Incluye gastos comunes
Detalles de la propiedad
Departamento
Edificio
1 Estacionamiento
Orientación: Poniente-Norte
Living-comedor
Conexión para lavadora
Amoblado
Cocina equipada
Dormitorio en suite
(Baño integrado)
Balcón / Terraza
Descripción de la propiedad
Arriendo 2 hermosos departamentos amoblados con 2 dormitorio y 2 baños en complejo Aqua La Serena. Esto es en plena Av. Del Mar altura de Mía Pizza.
Edificio muy tranquilo y full equipado con +5 piscinas (incluyendo con olas y temperada), gimnasio, jacuzzi, quincho, lavandería, entre otros. Inc...
Ver toda la descripción
Deja una nota
Esta nota es personal, no la podrá ver nadie más que tú.
ENTORNO INMOBILIARIO
Te entregamos información sobre el mercado inmobiliario del entorno
$0CLP
Precio por m2 de un arriendo promedio
(Precio por m2 de la propiedad: 8.207CLP)
Esta propiedad está sobre el promedio de arriendo del sector
Precio por m2 más bajo
$0CLP
Precio por m2 más alto
$0CLP
86
Días en promedio dura una publicación en arriendo
69,1
m2 de superficie promedio
13
Propiedades disponibles
¿CÓMO ES LA COMUNA DONDE ESTÁ ESTA PROPIEDAD?
Conoce aquí información relevante que te ayudará a tomar tu decisión
Precio Promedio De Arriendo De Depa...
Tamaño Departamentos En Arriendo
Días Disponibles De Departamentos E...
Dólares Por Metro Cuadrado Depto Al...
Visualiza lugares importantes
Colegios
Paraderos
Supermercados
Universidades
Restaurantes
Estaciones de tren
Servicios
Paradero
2222 Mts.
licosur liserco
Hospital
1705 Mts.
Integramedica
Policia
2036 Mts.
garita Lucinda
Colegio
1768 Mts.
Colegio Cristiano La Serena
Lugares de interés
Supermercado
1408 Mts.
Dolce Vita
Restaurant
201 Mts.
Aquamar
Gran Tienda
1524 Mts.
Falabella
Farmacia
1890 Mts.
Cruz Verde
Bencinera
1458 Mts.
SHELL
PROPIEDADES SIMILARES QUE TE PUEDEN INTERESAR
420.000CLP
Departamento en Arriendo
La Serena
1 Hab.
1 Baño
28 M2
450.000CLP
Departamento en Arriendo
La Serena
1 Hab.
1 Baño
46.83 M2
520.000CLP
Departamento en Arriendo
La Serena
1 Hab.
1 Baño
57 M2
Nuestras redes
Enlaces útiles
Arrienda
Compra
Publica
Nuestra empresa
Sobre nosotros
Términos y condiciones
Politicas de privacidad
Asociados con Flatfy
Recursos
Nuestro blog
Aprende con nosotros
Dudas sobre planes
Preguntas frecuentes
Búsquedas populares
Arriendo departamento Providencia
Arriendo departamento Concepción
Arriendo departamento Nuñoa
Arriendo departamento Santiago
Arriendo casa La Florida
Arriendo casa Maipú
Arriendo casa Concepción
Arriendo departamento Antofagasta
Dudas a hello@goplaceit.com
© 2012 - 2026, goplaceit SpA. Todos los derechos reservados.",https://www.goplaceit.com/cl/propiedad/arriendo/departamento/la-serena/12166399-departamento-amoblado-marzo-a-dic-en-condominio-aqua-la-serena-incluye-gastos-comunes?source=perfil-region,2026-04-21 15:17:56,GoPlaceIt,Arriendo,Departamento,La Serena
